USE databasesproject;
-- MySQL dump 10.13  Distrib 9.6.0, for macos15 (arm64)
--
-- Host: localhost    Database: AttendanceSystem
-- ------------------------------------------------------
-- Server version	9.6.0

/*!40101 SET @OLD_CHARACTER_SET_CLIENT=@@CHARACTER_SET_CLIENT */;
/*!40101 SET @OLD_CHARACTER_SET_RESULTS=@@CHARACTER_SET_RESULTS */;
/*!40101 SET @OLD_COLLATION_CONNECTION=@@COLLATION_CONNECTION */;
/*!50503 SET NAMES utf8mb4 */;
/*!40103 SET @OLD_TIME_ZONE=@@TIME_ZONE */;
/*!40103 SET TIME_ZONE='+00:00' */;
/*!40014 SET @OLD_UNIQUE_CHECKS=@@UNIQUE_CHECKS, UNIQUE_CHECKS=0 */;
/*!40014 SET @OLD_FOREIGN_KEY_CHECKS=@@FOREIGN_KEY_CHECKS, FOREIGN_KEY_CHECKS=0 */;
/*!40101 SET @OLD_SQL_MODE=@@SQL_MODE, SQL_MODE='NO_AUTO_VALUE_ON_ZERO' */;
/*!40111 SET @OLD_SQL_NOTES=@@SQL_NOTES, SQL_NOTES=0 */;
SET @MYSQLDUMP_TEMP_LOG_BIN = @@SESSION.SQL_LOG_BIN;
SET @@SESSION.SQL_LOG_BIN= 0;

--
-- GTID state at the beginning of the backup 
--

SET @@GLOBAL.GTID_PURGED=/*!80000 '+'*/ '9a7968b8-0979-11f1-abe6-86c44818a2e3:1-99';

--
-- Table structure for table `AttendanceRecord`
--

DROP TABLE IF EXISTS `AttendanceRecord`;
/*!40101 SET @saved_cs_client     = @@character_set_client */;
/*!50503 SET character_set_client = utf8mb4 */;
CREATE TABLE `AttendanceRecord` (
  `RecordID` int NOT NULL AUTO_INCREMENT,
  `SessionID` int NOT NULL,
  `StudentID` int NOT NULL,
  `Status` varchar(45) NOT NULL,
  `MarkedAt` datetime NOT NULL,
  PRIMARY KEY (`RecordID`),
  KEY `sessionrecord_idx` (`SessionID`),
  KEY `studentrecord_idx` (`StudentID`),
  CONSTRAINT `sessionrecord` FOREIGN KEY (`SessionID`) REFERENCES `AttendanceSession` (`AttendanceSessionID`),
  CONSTRAINT `studentrecord` FOREIGN KEY (`StudentID`) REFERENCES `Student` (`StudentID`)
) ENGINE=InnoDB AUTO_INCREMENT=64 DEFAULT CHARSET=utf8mb4 COLLATE=utf8mb4_0900_ai_ci;
/*!40101 SET character_set_client = @saved_cs_client */;

--
-- Dumping data for table `AttendanceRecord`
--

LOCK TABLES `AttendanceRecord` WRITE;
/*!40000 ALTER TABLE `AttendanceRecord` DISABLE KEYS */;
INSERT INTO `AttendanceRecord` VALUES (1,887,1,'Present','2026-02-14 20:47:21'),(2,888,1,'Present','2026-02-14 20:47:21'),(3,889,1,'Present','2026-02-14 20:47:21'),(4,863,2,'Present','2026-02-14 20:47:21'),(5,864,2,'Present','2026-02-14 20:47:21'),(6,865,2,'Present','2026-02-14 20:47:21'),(7,815,3,'Absent','2026-02-14 20:47:21'),(8,816,3,'Present','2026-02-14 20:47:21'),(9,817,3,'Absent','2026-02-14 20:47:21'),(10,983,4,'Present','2026-02-14 20:47:21'),(11,984,4,'Present','2026-02-14 20:47:21'),(12,985,4,'Present','2026-02-14 20:47:21'),(13,887,5,'Present','2026-02-14 20:47:21'),(14,888,5,'Absent','2026-02-14 20:47:21'),(15,889,5,'Present','2026-02-14 20:47:21'),(16,755,6,'Present','2026-02-14 20:47:21'),(17,756,6,'Absent','2026-02-14 20:47:21'),(18,757,6,'Present','2026-02-14 20:47:21'),(19,887,7,'Present','2026-02-14 20:47:21'),(20,888,7,'Present','2026-02-14 20:47:21'),(21,889,7,'Present','2026-02-14 20:47:21'),(22,983,8,'Present','2026-02-14 20:47:21'),(23,984,8,'Present','2026-02-14 20:47:21'),(24,985,8,'Present','2026-02-14 20:47:21'),(25,551,9,'Absent','2026-02-14 20:47:21'),(26,552,9,'Present','2026-02-14 20:47:21'),(27,553,9,'Absent','2026-02-14 20:47:21'),(28,515,10,'Present','2026-02-14 20:47:21'),(29,516,10,'Present','2026-02-14 20:47:21'),(30,517,10,'Present','2026-02-14 20:47:21'),(31,863,11,'Absent','2026-02-14 20:47:21'),(32,864,11,'Absent','2026-02-14 20:47:21'),(33,865,11,'Absent','2026-02-14 20:47:21'),(34,563,12,'Absent','2026-02-14 20:47:21'),(35,564,12,'Present','2026-02-14 20:47:21'),(36,565,12,'Present','2026-02-14 20:47:21'),(37,695,13,'Present','2026-02-14 20:47:21'),(38,696,13,'Present','2026-02-14 20:47:21'),(39,697,13,'Present','2026-02-14 20:47:21'),(40,671,14,'Absent','2026-02-14 20:47:21'),(41,672,14,'Present','2026-02-14 20:47:21'),(42,673,14,'Present','2026-02-14 20:47:21'),(43,971,15,'Present','2026-02-14 20:47:21'),(44,972,15,'Present','2026-02-14 20:47:21'),(45,973,15,'Absent','2026-02-14 20:47:21'),(46,731,16,'Present','2026-02-14 20:47:21'),(47,732,16,'Present','2026-02-14 20:47:21'),(48,733,16,'Present','2026-02-14 20:47:21'),(49,695,17,'Present','2026-02-14 20:47:21'),(50,696,17,'Present','2026-02-14 20:47:21'),(51,697,17,'Present','2026-02-14 20:47:21'),(52,707,18,'Absent','2026-02-14 20:47:21'),(53,708,18,'Present','2026-02-14 20:47:21'),(54,709,18,'Present','2026-02-14 20:47:21'),(55,647,19,'Present','2026-02-14 20:47:21'),(56,648,19,'Present','2026-02-14 20:47:21'),(57,649,19,'Present','2026-02-14 20:47:21'),(58,767,20,'Absent','2026-02-14 20:47:21'),(59,768,20,'Present','2026-02-14 20:47:21'),(60,769,20,'Present','2026-02-14 20:47:21');
/*!40000 ALTER TABLE `AttendanceRecord` ENABLE KEYS */;
UNLOCK TABLES;

--
-- Table structure for table `AttendanceSession`
--

DROP TABLE IF EXISTS `AttendanceSession`;
/*!40101 SET @saved_cs_client     = @@character_set_client */;
/*!50503 SET character_set_client = utf8mb4 */;
CREATE TABLE `AttendanceSession` (
  `AttendanceSessionID` int NOT NULL AUTO_INCREMENT,
  `SessionType` enum('0','1','2') NOT NULL,
  `OfferingID` int NOT NULL,
  `SessionDate` datetime NOT NULL,
  `StartTime` time NOT NULL,
  `EndTime` time NOT NULL,
  `CreatedBy` int NOT NULL,
  PRIMARY KEY (`AttendanceSessionID`),
  KEY `instructorattendance_idx` (`CreatedBy`),
  KEY `offeringattendance_idx` (`OfferingID`),
  CONSTRAINT `instructorattendance` FOREIGN KEY (`CreatedBy`) REFERENCES `Instructor` (`InstructorID`),
  CONSTRAINT `offeringattendance` FOREIGN KEY (`OfferingID`) REFERENCES `CourseOffering` (`CourseOfferingID`),
  CONSTRAINT `chk_time` CHECK ((`StartTime` < `EndTime`))
) ENGINE=InnoDB AUTO_INCREMENT=1026 DEFAULT CHARSET=utf8mb4 COLLATE=utf8mb4_0900_ai_ci;
/*!40101 SET character_set_client = @saved_cs_client */;

--
-- Dumping data for table `AttendanceSession`
--

LOCK TABLES `AttendanceSession` WRITE;
/*!40000 ALTER TABLE `AttendanceSession` DISABLE KEYS */;
INSERT INTO `AttendanceSession` VALUES (515,'0',1,'2025-09-30 00:00:00','10:00:00','11:00:00',1),(516,'0',1,'2025-08-31 00:00:00','10:00:00','11:00:00',1),(517,'0',1,'2025-08-08 00:00:00','10:00:00','11:00:00',1),(518,'0',2,'2025-03-03 00:00:00','10:00:00','11:00:00',2),(519,'0',2,'2025-02-01 00:00:00','10:00:00','11:00:00',2),(520,'0',2,'2025-01-09 00:00:00','10:00:00','11:00:00',2),(521,'0',3,'2024-09-30 00:00:00','10:00:00','11:00:00',3),(522,'0',3,'2024-08-31 00:00:00','10:00:00','11:00:00',3),(523,'0',3,'2024-08-08 00:00:00','10:00:00','11:00:00',3),(524,'0',4,'2024-03-02 00:00:00','10:00:00','11:00:00',4),(525,'0',4,'2024-02-01 00:00:00','10:00:00','11:00:00',4),(526,'0',4,'2024-01-09 00:00:00','10:00:00','11:00:00',4),(527,'0',5,'2025-09-30 00:00:00','10:00:00','11:00:00',5),(528,'0',5,'2025-08-31 00:00:00','10:00:00','11:00:00',5),(529,'0',5,'2025-08-08 00:00:00','10:00:00','11:00:00',5),(530,'0',6,'2025-03-03 00:00:00','10:00:00','11:00:00',6),(531,'0',6,'2025-02-01 00:00:00','10:00:00','11:00:00',6),(532,'0',6,'2025-01-09 00:00:00','10:00:00','11:00:00',6),(533,'0',7,'2024-09-30 00:00:00','10:00:00','11:00:00',7),(534,'0',7,'2024-08-31 00:00:00','10:00:00','11:00:00',7),(535,'0',7,'2024-08-08 00:00:00','10:00:00','11:00:00',7),(536,'0',8,'2024-03-02 00:00:00','10:00:00','11:00:00',8),(537,'0',8,'2024-02-01 00:00:00','10:00:00','11:00:00',8),(538,'0',8,'2024-01-09 00:00:00','10:00:00','11:00:00',8),(539,'0',9,'2025-09-30 00:00:00','10:00:00','11:00:00',9),(540,'0',9,'2025-08-31 00:00:00','10:00:00','11:00:00',9),(541,'0',9,'2025-08-08 00:00:00','10:00:00','11:00:00',9),(542,'0',10,'2025-03-03 00:00:00','10:00:00','11:00:00',10),(543,'0',10,'2025-02-01 00:00:00','10:00:00','11:00:00',10),(544,'0',10,'2025-01-09 00:00:00','10:00:00','11:00:00',10),(545,'0',11,'2024-09-30 00:00:00','10:00:00','11:00:00',11),(546,'0',11,'2024-08-31 00:00:00','10:00:00','11:00:00',11),(547,'0',11,'2024-08-08 00:00:00','10:00:00','11:00:00',11),(548,'0',12,'2024-03-02 00:00:00','10:00:00','11:00:00',12),(549,'0',12,'2024-02-01 00:00:00','10:00:00','11:00:00',12),(550,'0',12,'2024-01-09 00:00:00','10:00:00','11:00:00',12),(551,'0',13,'2025-09-30 00:00:00','10:00:00','11:00:00',13),(552,'0',13,'2025-08-31 00:00:00','10:00:00','11:00:00',13),(553,'0',13,'2025-08-08 00:00:00','10:00:00','11:00:00',13),(554,'0',14,'2025-03-03 00:00:00','10:00:00','11:00:00',14),(555,'0',14,'2025-02-01 00:00:00','10:00:00','11:00:00',14),(556,'0',14,'2025-01-09 00:00:00','10:00:00','11:00:00',14),(557,'0',15,'2024-09-30 00:00:00','10:00:00','11:00:00',15),(558,'0',15,'2024-08-31 00:00:00','10:00:00','11:00:00',15),(559,'0',15,'2024-08-08 00:00:00','10:00:00','11:00:00',15),(560,'0',16,'2024-03-02 00:00:00','10:00:00','11:00:00',16),(561,'0',16,'2024-02-01 00:00:00','10:00:00','11:00:00',16),(562,'0',16,'2024-01-09 00:00:00','10:00:00','11:00:00',16),(563,'0',17,'2025-09-30 00:00:00','10:00:00','11:00:00',17),(564,'0',17,'2025-08-31 00:00:00','10:00:00','11:00:00',17),(565,'0',17,'2025-08-08 00:00:00','10:00:00','11:00:00',17),(566,'0',18,'2025-03-03 00:00:00','10:00:00','11:00:00',18),(567,'0',18,'2025-02-01 00:00:00','10:00:00','11:00:00',18),(568,'0',18,'2025-01-09 00:00:00','10:00:00','11:00:00',18),(569,'0',19,'2024-09-30 00:00:00','10:00:00','11:00:00',19),(570,'0',19,'2024-08-31 00:00:00','10:00:00','11:00:00',19),(571,'0',19,'2024-08-08 00:00:00','10:00:00','11:00:00',19),(572,'0',20,'2024-03-02 00:00:00','10:00:00','11:00:00',20),(573,'0',20,'2024-02-01 00:00:00','10:00:00','11:00:00',20),(574,'0',20,'2024-01-09 00:00:00','10:00:00','11:00:00',20),(575,'0',21,'2025-09-30 00:00:00','10:00:00','11:00:00',1),(576,'0',21,'2025-08-31 00:00:00','10:00:00','11:00:00',1),(577,'0',21,'2025-08-08 00:00:00','10:00:00','11:00:00',1),(578,'0',22,'2025-03-03 00:00:00','10:00:00','11:00:00',2),(579,'0',22,'2025-02-01 00:00:00','10:00:00','11:00:00',2),(580,'0',22,'2025-01-09 00:00:00','10:00:00','11:00:00',2),(581,'0',23,'2024-09-30 00:00:00','10:00:00','11:00:00',3),(582,'0',23,'2024-08-31 00:00:00','10:00:00','11:00:00',3),(583,'0',23,'2024-08-08 00:00:00','10:00:00','11:00:00',3),(584,'0',24,'2024-03-02 00:00:00','10:00:00','11:00:00',4),(585,'0',24,'2024-02-01 00:00:00','10:00:00','11:00:00',4),(586,'0',24,'2024-01-09 00:00:00','10:00:00','11:00:00',4),(587,'0',25,'2025-09-30 00:00:00','10:00:00','11:00:00',5),(588,'0',25,'2025-08-31 00:00:00','10:00:00','11:00:00',5),(589,'0',25,'2025-08-08 00:00:00','10:00:00','11:00:00',5),(590,'0',26,'2025-03-03 00:00:00','10:00:00','11:00:00',6),(591,'0',26,'2025-02-01 00:00:00','10:00:00','11:00:00',6),(592,'0',26,'2025-01-09 00:00:00','10:00:00','11:00:00',6),(593,'0',27,'2024-09-30 00:00:00','10:00:00','11:00:00',7),(594,'0',27,'2024-08-31 00:00:00','10:00:00','11:00:00',7),(595,'0',27,'2024-08-08 00:00:00','10:00:00','11:00:00',7),(596,'0',28,'2024-03-02 00:00:00','10:00:00','11:00:00',8),(597,'0',28,'2024-02-01 00:00:00','10:00:00','11:00:00',8),(598,'0',28,'2024-01-09 00:00:00','10:00:00','11:00:00',8),(599,'0',29,'2025-09-30 00:00:00','10:00:00','11:00:00',9),(600,'0',29,'2025-08-31 00:00:00','10:00:00','11:00:00',9),(601,'0',29,'2025-08-08 00:00:00','10:00:00','11:00:00',9),(602,'0',30,'2025-03-03 00:00:00','10:00:00','11:00:00',10),(603,'0',30,'2025-02-01 00:00:00','10:00:00','11:00:00',10),(604,'0',30,'2025-01-09 00:00:00','10:00:00','11:00:00',10),(605,'0',31,'2024-09-30 00:00:00','10:00:00','11:00:00',11),(606,'0',31,'2024-08-31 00:00:00','10:00:00','11:00:00',11),(607,'0',31,'2024-08-08 00:00:00','10:00:00','11:00:00',11),(608,'0',32,'2024-03-02 00:00:00','10:00:00','11:00:00',12),(609,'0',32,'2024-02-01 00:00:00','10:00:00','11:00:00',12),(610,'0',32,'2024-01-09 00:00:00','10:00:00','11:00:00',12),(611,'0',33,'2025-09-30 00:00:00','10:00:00','11:00:00',13),(612,'0',33,'2025-08-31 00:00:00','10:00:00','11:00:00',13),(613,'0',33,'2025-08-08 00:00:00','10:00:00','11:00:00',13),(614,'0',34,'2025-03-03 00:00:00','10:00:00','11:00:00',14),(615,'0',34,'2025-02-01 00:00:00','10:00:00','11:00:00',14),(616,'0',34,'2025-01-09 00:00:00','10:00:00','11:00:00',14),(617,'0',35,'2024-09-30 00:00:00','10:00:00','11:00:00',15),(618,'0',35,'2024-08-31 00:00:00','10:00:00','11:00:00',15),(619,'0',35,'2024-08-08 00:00:00','10:00:00','11:00:00',15),(620,'0',36,'2024-03-02 00:00:00','10:00:00','11:00:00',16),(621,'0',36,'2024-02-01 00:00:00','10:00:00','11:00:00',16),(622,'0',36,'2024-01-09 00:00:00','10:00:00','11:00:00',16),(623,'0',37,'2025-09-30 00:00:00','10:00:00','11:00:00',17),(624,'0',37,'2025-08-31 00:00:00','10:00:00','11:00:00',17),(625,'0',37,'2025-08-08 00:00:00','10:00:00','11:00:00',17),(626,'0',38,'2025-03-03 00:00:00','10:00:00','11:00:00',18),(627,'0',38,'2025-02-01 00:00:00','10:00:00','11:00:00',18),(628,'0',38,'2025-01-09 00:00:00','10:00:00','11:00:00',18),(629,'0',39,'2024-09-30 00:00:00','10:00:00','11:00:00',19),(630,'0',39,'2024-08-31 00:00:00','10:00:00','11:00:00',19),(631,'0',39,'2024-08-08 00:00:00','10:00:00','11:00:00',19),(632,'0',40,'2024-03-02 00:00:00','10:00:00','11:00:00',20),(633,'0',40,'2024-02-01 00:00:00','10:00:00','11:00:00',20),(634,'0',40,'2024-01-09 00:00:00','10:00:00','11:00:00',20),(635,'0',41,'2025-09-30 00:00:00','10:00:00','11:00:00',1),(636,'0',41,'2025-08-31 00:00:00','10:00:00','11:00:00',1),(637,'0',41,'2025-08-08 00:00:00','10:00:00','11:00:00',1),(638,'0',42,'2025-03-03 00:00:00','10:00:00','11:00:00',2),(639,'0',42,'2025-02-01 00:00:00','10:00:00','11:00:00',2),(640,'0',42,'2025-01-09 00:00:00','10:00:00','11:00:00',2),(641,'0',43,'2024-09-30 00:00:00','10:00:00','11:00:00',3),(642,'0',43,'2024-08-31 00:00:00','10:00:00','11:00:00',3),(643,'0',43,'2024-08-08 00:00:00','10:00:00','11:00:00',3),(644,'0',44,'2024-03-02 00:00:00','10:00:00','11:00:00',4),(645,'0',44,'2024-02-01 00:00:00','10:00:00','11:00:00',4),(646,'0',44,'2024-01-09 00:00:00','10:00:00','11:00:00',4),(647,'0',45,'2025-09-30 00:00:00','10:00:00','11:00:00',5),(648,'0',45,'2025-08-31 00:00:00','10:00:00','11:00:00',5),(649,'0',45,'2025-08-08 00:00:00','10:00:00','11:00:00',5),(650,'0',46,'2025-03-03 00:00:00','10:00:00','11:00:00',6),(651,'0',46,'2025-02-01 00:00:00','10:00:00','11:00:00',6),(652,'0',46,'2025-01-09 00:00:00','10:00:00','11:00:00',6),(653,'0',47,'2024-09-30 00:00:00','10:00:00','11:00:00',7),(654,'0',47,'2024-08-31 00:00:00','10:00:00','11:00:00',7),(655,'0',47,'2024-08-08 00:00:00','10:00:00','11:00:00',7),(656,'0',48,'2024-03-02 00:00:00','10:00:00','11:00:00',8),(657,'0',48,'2024-02-01 00:00:00','10:00:00','11:00:00',8),(658,'0',48,'2024-01-09 00:00:00','10:00:00','11:00:00',8),(659,'0',49,'2025-09-30 00:00:00','10:00:00','11:00:00',9),(660,'0',49,'2025-08-31 00:00:00','10:00:00','11:00:00',9),(661,'0',49,'2025-08-08 00:00:00','10:00:00','11:00:00',9),(662,'0',50,'2025-03-03 00:00:00','10:00:00','11:00:00',10),(663,'0',50,'2025-02-01 00:00:00','10:00:00','11:00:00',10),(664,'0',50,'2025-01-09 00:00:00','10:00:00','11:00:00',10),(665,'0',51,'2024-09-30 00:00:00','10:00:00','11:00:00',11),(666,'0',51,'2024-08-31 00:00:00','10:00:00','11:00:00',11),(667,'0',51,'2024-08-08 00:00:00','10:00:00','11:00:00',11),(668,'0',52,'2024-03-02 00:00:00','10:00:00','11:00:00',12),(669,'0',52,'2024-02-01 00:00:00','10:00:00','11:00:00',12),(670,'0',52,'2024-01-09 00:00:00','10:00:00','11:00:00',12),(671,'0',53,'2025-09-30 00:00:00','10:00:00','11:00:00',13),(672,'0',53,'2025-08-31 00:00:00','10:00:00','11:00:00',13),(673,'0',53,'2025-08-08 00:00:00','10:00:00','11:00:00',13),(674,'0',54,'2025-03-03 00:00:00','10:00:00','11:00:00',14),(675,'0',54,'2025-02-01 00:00:00','10:00:00','11:00:00',14),(676,'0',54,'2025-01-09 00:00:00','10:00:00','11:00:00',14),(677,'0',55,'2024-09-30 00:00:00','10:00:00','11:00:00',15),(678,'0',55,'2024-08-31 00:00:00','10:00:00','11:00:00',15),(679,'0',55,'2024-08-08 00:00:00','10:00:00','11:00:00',15),(680,'0',56,'2024-03-02 00:00:00','10:00:00','11:00:00',16),(681,'0',56,'2024-02-01 00:00:00','10:00:00','11:00:00',16),(682,'0',56,'2024-01-09 00:00:00','10:00:00','11:00:00',16),(683,'0',57,'2025-09-30 00:00:00','10:00:00','11:00:00',17),(684,'0',57,'2025-08-31 00:00:00','10:00:00','11:00:00',17),(685,'0',57,'2025-08-08 00:00:00','10:00:00','11:00:00',17),(686,'0',58,'2025-03-03 00:00:00','10:00:00','11:00:00',18),(687,'0',58,'2025-02-01 00:00:00','10:00:00','11:00:00',18),(688,'0',58,'2025-01-09 00:00:00','10:00:00','11:00:00',18),(689,'0',59,'2024-09-30 00:00:00','10:00:00','11:00:00',19),(690,'0',59,'2024-08-31 00:00:00','10:00:00','11:00:00',19),(691,'0',59,'2024-08-08 00:00:00','10:00:00','11:00:00',19),(692,'0',60,'2024-03-02 00:00:00','10:00:00','11:00:00',20),(693,'0',60,'2024-02-01 00:00:00','10:00:00','11:00:00',20),(694,'0',60,'2024-01-09 00:00:00','10:00:00','11:00:00',20),(695,'0',61,'2025-09-30 00:00:00','10:00:00','11:00:00',1),(696,'0',61,'2025-08-31 00:00:00','10:00:00','11:00:00',1),(697,'0',61,'2025-08-08 00:00:00','10:00:00','11:00:00',1),(698,'0',62,'2025-03-03 00:00:00','10:00:00','11:00:00',2),(699,'0',62,'2025-02-01 00:00:00','10:00:00','11:00:00',2),(700,'0',62,'2025-01-09 00:00:00','10:00:00','11:00:00',2),(701,'0',63,'2024-09-30 00:00:00','10:00:00','11:00:00',3),(702,'0',63,'2024-08-31 00:00:00','10:00:00','11:00:00',3),(703,'0',63,'2024-08-08 00:00:00','10:00:00','11:00:00',3),(704,'0',64,'2024-03-02 00:00:00','10:00:00','11:00:00',4),(705,'0',64,'2024-02-01 00:00:00','10:00:00','11:00:00',4),(706,'0',64,'2024-01-09 00:00:00','10:00:00','11:00:00',4),(707,'0',65,'2025-09-30 00:00:00','10:00:00','11:00:00',5),(708,'0',65,'2025-08-31 00:00:00','10:00:00','11:00:00',5),(709,'0',65,'2025-08-08 00:00:00','10:00:00','11:00:00',5),(710,'0',66,'2025-03-03 00:00:00','10:00:00','11:00:00',6),(711,'0',66,'2025-02-01 00:00:00','10:00:00','11:00:00',6),(712,'0',66,'2025-01-09 00:00:00','10:00:00','11:00:00',6),(713,'0',67,'2024-09-30 00:00:00','10:00:00','11:00:00',7),(714,'0',67,'2024-08-31 00:00:00','10:00:00','11:00:00',7),(715,'0',67,'2024-08-08 00:00:00','10:00:00','11:00:00',7),(716,'0',68,'2024-03-02 00:00:00','10:00:00','11:00:00',8),(717,'0',68,'2024-02-01 00:00:00','10:00:00','11:00:00',8),(718,'0',68,'2024-01-09 00:00:00','10:00:00','11:00:00',8),(719,'0',69,'2025-09-30 00:00:00','10:00:00','11:00:00',9),(720,'0',69,'2025-08-31 00:00:00','10:00:00','11:00:00',9),(721,'0',69,'2025-08-08 00:00:00','10:00:00','11:00:00',9),(722,'0',70,'2025-03-03 00:00:00','10:00:00','11:00:00',10),(723,'0',70,'2025-02-01 00:00:00','10:00:00','11:00:00',10),(724,'0',70,'2025-01-09 00:00:00','10:00:00','11:00:00',10),(725,'0',71,'2024-09-30 00:00:00','10:00:00','11:00:00',11),(726,'0',71,'2024-08-31 00:00:00','10:00:00','11:00:00',11),(727,'0',71,'2024-08-08 00:00:00','10:00:00','11:00:00',11),(728,'0',72,'2024-03-02 00:00:00','10:00:00','11:00:00',12),(729,'0',72,'2024-02-01 00:00:00','10:00:00','11:00:00',12),(730,'0',72,'2024-01-09 00:00:00','10:00:00','11:00:00',12),(731,'0',73,'2025-09-30 00:00:00','10:00:00','11:00:00',13),(732,'0',73,'2025-08-31 00:00:00','10:00:00','11:00:00',13),(733,'0',73,'2025-08-08 00:00:00','10:00:00','11:00:00',13),(734,'0',74,'2025-03-03 00:00:00','10:00:00','11:00:00',14),(735,'0',74,'2025-02-01 00:00:00','10:00:00','11:00:00',14),(736,'0',74,'2025-01-09 00:00:00','10:00:00','11:00:00',14),(737,'0',75,'2024-09-30 00:00:00','10:00:00','11:00:00',15),(738,'0',75,'2024-08-31 00:00:00','10:00:00','11:00:00',15),(739,'0',75,'2024-08-08 00:00:00','10:00:00','11:00:00',15),(740,'0',76,'2024-03-02 00:00:00','10:00:00','11:00:00',16),(741,'0',76,'2024-02-01 00:00:00','10:00:00','11:00:00',16),(742,'0',76,'2024-01-09 00:00:00','10:00:00','11:00:00',16),(743,'0',77,'2025-09-30 00:00:00','10:00:00','11:00:00',17),(744,'0',77,'2025-08-31 00:00:00','10:00:00','11:00:00',17),(745,'0',77,'2025-08-08 00:00:00','10:00:00','11:00:00',17),(746,'0',78,'2025-03-03 00:00:00','10:00:00','11:00:00',18),(747,'0',78,'2025-02-01 00:00:00','10:00:00','11:00:00',18),(748,'0',78,'2025-01-09 00:00:00','10:00:00','11:00:00',18),(749,'0',79,'2024-09-30 00:00:00','10:00:00','11:00:00',19),(750,'0',79,'2024-08-31 00:00:00','10:00:00','11:00:00',19),(751,'0',79,'2024-08-08 00:00:00','10:00:00','11:00:00',19),(752,'0',80,'2024-03-02 00:00:00','10:00:00','11:00:00',20),(753,'0',80,'2024-02-01 00:00:00','10:00:00','11:00:00',20),(754,'0',80,'2024-01-09 00:00:00','10:00:00','11:00:00',20),(755,'0',81,'2025-09-30 00:00:00','10:00:00','11:00:00',1),(756,'0',81,'2025-08-31 00:00:00','10:00:00','11:00:00',1),(757,'0',81,'2025-08-08 00:00:00','10:00:00','11:00:00',1),(758,'0',82,'2025-03-03 00:00:00','10:00:00','11:00:00',2),(759,'0',82,'2025-02-01 00:00:00','10:00:00','11:00:00',2),(760,'0',82,'2025-01-09 00:00:00','10:00:00','11:00:00',2),(761,'0',83,'2024-09-30 00:00:00','10:00:00','11:00:00',3),(762,'0',83,'2024-08-31 00:00:00','10:00:00','11:00:00',3),(763,'0',83,'2024-08-08 00:00:00','10:00:00','11:00:00',3),(764,'0',84,'2024-03-02 00:00:00','10:00:00','11:00:00',4),(765,'0',84,'2024-02-01 00:00:00','10:00:00','11:00:00',4),(766,'0',84,'2024-01-09 00:00:00','10:00:00','11:00:00',4),(767,'0',85,'2025-09-30 00:00:00','10:00:00','11:00:00',5),(768,'0',85,'2025-08-31 00:00:00','10:00:00','11:00:00',5),(769,'0',85,'2025-08-08 00:00:00','10:00:00','11:00:00',5),(770,'0',86,'2025-03-03 00:00:00','10:00:00','11:00:00',6),(771,'0',86,'2025-02-01 00:00:00','10:00:00','11:00:00',6),(772,'0',86,'2025-01-09 00:00:00','10:00:00','11:00:00',6),(773,'0',87,'2024-09-30 00:00:00','10:00:00','11:00:00',7),(774,'0',87,'2024-08-31 00:00:00','10:00:00','11:00:00',7),(775,'0',87,'2024-08-08 00:00:00','10:00:00','11:00:00',7),(776,'0',88,'2024-03-02 00:00:00','10:00:00','11:00:00',8),(777,'0',88,'2024-02-01 00:00:00','10:00:00','11:00:00',8),(778,'0',88,'2024-01-09 00:00:00','10:00:00','11:00:00',8),(779,'0',89,'2025-09-30 00:00:00','10:00:00','11:00:00',9),(780,'0',89,'2025-08-31 00:00:00','10:00:00','11:00:00',9),(781,'0',89,'2025-08-08 00:00:00','10:00:00','11:00:00',9),(782,'0',90,'2025-03-03 00:00:00','10:00:00','11:00:00',10),(783,'0',90,'2025-02-01 00:00:00','10:00:00','11:00:00',10),(784,'0',90,'2025-01-09 00:00:00','10:00:00','11:00:00',10),(785,'0',91,'2024-09-30 00:00:00','10:00:00','11:00:00',11),(786,'0',91,'2024-08-31 00:00:00','10:00:00','11:00:00',11),(787,'0',91,'2024-08-08 00:00:00','10:00:00','11:00:00',11),(788,'0',92,'2024-03-02 00:00:00','10:00:00','11:00:00',12),(789,'0',92,'2024-02-01 00:00:00','10:00:00','11:00:00',12),(790,'0',92,'2024-01-09 00:00:00','10:00:00','11:00:00',12),(791,'0',93,'2025-09-30 00:00:00','10:00:00','11:00:00',13),(792,'0',93,'2025-08-31 00:00:00','10:00:00','11:00:00',13),(793,'0',93,'2025-08-08 00:00:00','10:00:00','11:00:00',13),(794,'0',94,'2025-03-03 00:00:00','10:00:00','11:00:00',14),(795,'0',94,'2025-02-01 00:00:00','10:00:00','11:00:00',14),(796,'0',94,'2025-01-09 00:00:00','10:00:00','11:00:00',14),(797,'0',95,'2024-09-30 00:00:00','10:00:00','11:00:00',15),(798,'0',95,'2024-08-31 00:00:00','10:00:00','11:00:00',15),(799,'0',95,'2024-08-08 00:00:00','10:00:00','11:00:00',15),(800,'0',96,'2024-03-02 00:00:00','10:00:00','11:00:00',16),(801,'0',96,'2024-02-01 00:00:00','10:00:00','11:00:00',16),(802,'0',96,'2024-01-09 00:00:00','10:00:00','11:00:00',16),(803,'0',97,'2025-09-30 00:00:00','10:00:00','11:00:00',17),(804,'0',97,'2025-08-31 00:00:00','10:00:00','11:00:00',17),(805,'0',97,'2025-08-08 00:00:00','10:00:00','11:00:00',17),(806,'0',98,'2025-03-03 00:00:00','10:00:00','11:00:00',18),(807,'0',98,'2025-02-01 00:00:00','10:00:00','11:00:00',18),(808,'0',98,'2025-01-09 00:00:00','10:00:00','11:00:00',18),(809,'0',99,'2024-09-30 00:00:00','10:00:00','11:00:00',19),(810,'0',99,'2024-08-31 00:00:00','10:00:00','11:00:00',19),(811,'0',99,'2024-08-08 00:00:00','10:00:00','11:00:00',19),(812,'0',100,'2024-03-02 00:00:00','10:00:00','11:00:00',20),(813,'0',100,'2024-02-01 00:00:00','10:00:00','11:00:00',20),(814,'0',100,'2024-01-09 00:00:00','10:00:00','11:00:00',20),(815,'0',101,'2025-09-30 00:00:00','10:00:00','11:00:00',1),(816,'0',101,'2025-08-31 00:00:00','10:00:00','11:00:00',1),(817,'0',101,'2025-08-08 00:00:00','10:00:00','11:00:00',1),(818,'0',102,'2025-03-03 00:00:00','10:00:00','11:00:00',2),(819,'0',102,'2025-02-01 00:00:00','10:00:00','11:00:00',2),(820,'0',102,'2025-01-09 00:00:00','10:00:00','11:00:00',2),(821,'0',103,'2024-09-30 00:00:00','10:00:00','11:00:00',3),(822,'0',103,'2024-08-31 00:00:00','10:00:00','11:00:00',3),(823,'0',103,'2024-08-08 00:00:00','10:00:00','11:00:00',3),(824,'0',104,'2024-03-02 00:00:00','10:00:00','11:00:00',4),(825,'0',104,'2024-02-01 00:00:00','10:00:00','11:00:00',4),(826,'0',104,'2024-01-09 00:00:00','10:00:00','11:00:00',4),(827,'0',105,'2025-09-30 00:00:00','10:00:00','11:00:00',5),(828,'0',105,'2025-08-31 00:00:00','10:00:00','11:00:00',5),(829,'0',105,'2025-08-08 00:00:00','10:00:00','11:00:00',5),(830,'0',106,'2025-03-03 00:00:00','10:00:00','11:00:00',6),(831,'0',106,'2025-02-01 00:00:00','10:00:00','11:00:00',6),(832,'0',106,'2025-01-09 00:00:00','10:00:00','11:00:00',6),(833,'0',107,'2024-09-30 00:00:00','10:00:00','11:00:00',7),(834,'0',107,'2024-08-31 00:00:00','10:00:00','11:00:00',7),(835,'0',107,'2024-08-08 00:00:00','10:00:00','11:00:00',7),(836,'0',108,'2024-03-02 00:00:00','10:00:00','11:00:00',8),(837,'0',108,'2024-02-01 00:00:00','10:00:00','11:00:00',8),(838,'0',108,'2024-01-09 00:00:00','10:00:00','11:00:00',8),(839,'0',109,'2025-09-30 00:00:00','10:00:00','11:00:00',9),(840,'0',109,'2025-08-31 00:00:00','10:00:00','11:00:00',9),(841,'0',109,'2025-08-08 00:00:00','10:00:00','11:00:00',9),(842,'0',110,'2025-03-03 00:00:00','10:00:00','11:00:00',10),(843,'0',110,'2025-02-01 00:00:00','10:00:00','11:00:00',10),(844,'0',110,'2025-01-09 00:00:00','10:00:00','11:00:00',10),(845,'0',111,'2024-09-30 00:00:00','10:00:00','11:00:00',11),(846,'0',111,'2024-08-31 00:00:00','10:00:00','11:00:00',11),(847,'0',111,'2024-08-08 00:00:00','10:00:00','11:00:00',11),(848,'0',112,'2024-03-02 00:00:00','10:00:00','11:00:00',12),(849,'0',112,'2024-02-01 00:00:00','10:00:00','11:00:00',12),(850,'0',112,'2024-01-09 00:00:00','10:00:00','11:00:00',12),(851,'0',113,'2025-09-30 00:00:00','10:00:00','11:00:00',13),(852,'0',113,'2025-08-31 00:00:00','10:00:00','11:00:00',13),(853,'0',113,'2025-08-08 00:00:00','10:00:00','11:00:00',13),(854,'0',114,'2025-03-03 00:00:00','10:00:00','11:00:00',14),(855,'0',114,'2025-02-01 00:00:00','10:00:00','11:00:00',14),(856,'0',114,'2025-01-09 00:00:00','10:00:00','11:00:00',14),(857,'0',115,'2024-09-30 00:00:00','10:00:00','11:00:00',15),(858,'0',115,'2024-08-31 00:00:00','10:00:00','11:00:00',15),(859,'0',115,'2024-08-08 00:00:00','10:00:00','11:00:00',15),(860,'0',116,'2024-03-02 00:00:00','10:00:00','11:00:00',16),(861,'0',116,'2024-02-01 00:00:00','10:00:00','11:00:00',16),(862,'0',116,'2024-01-09 00:00:00','10:00:00','11:00:00',16),(863,'0',117,'2025-09-30 00:00:00','10:00:00','11:00:00',17),(864,'0',117,'2025-08-31 00:00:00','10:00:00','11:00:00',17),(865,'0',117,'2025-08-08 00:00:00','10:00:00','11:00:00',17),(866,'0',118,'2025-03-03 00:00:00','10:00:00','11:00:00',18),(867,'0',118,'2025-02-01 00:00:00','10:00:00','11:00:00',18),(868,'0',118,'2025-01-09 00:00:00','10:00:00','11:00:00',18),(869,'0',119,'2024-09-30 00:00:00','10:00:00','11:00:00',19),(870,'0',119,'2024-08-31 00:00:00','10:00:00','11:00:00',19),(871,'0',119,'2024-08-08 00:00:00','10:00:00','11:00:00',19),(872,'0',120,'2024-03-02 00:00:00','10:00:00','11:00:00',20),(873,'0',120,'2024-02-01 00:00:00','10:00:00','11:00:00',20),(874,'0',120,'2024-01-09 00:00:00','10:00:00','11:00:00',20),(875,'0',121,'2025-09-30 00:00:00','10:00:00','11:00:00',1),(876,'0',121,'2025-08-31 00:00:00','10:00:00','11:00:00',1),(877,'0',121,'2025-08-08 00:00:00','10:00:00','11:00:00',1),(878,'0',122,'2025-03-03 00:00:00','10:00:00','11:00:00',2),(879,'0',122,'2025-02-01 00:00:00','10:00:00','11:00:00',2),(880,'0',122,'2025-01-09 00:00:00','10:00:00','11:00:00',2),(881,'0',123,'2024-09-30 00:00:00','10:00:00','11:00:00',3),(882,'0',123,'2024-08-31 00:00:00','10:00:00','11:00:00',3),(883,'0',123,'2024-08-08 00:00:00','10:00:00','11:00:00',3),(884,'0',124,'2024-03-02 00:00:00','10:00:00','11:00:00',4),(885,'0',124,'2024-02-01 00:00:00','10:00:00','11:00:00',4),(886,'0',124,'2024-01-09 00:00:00','10:00:00','11:00:00',4),(887,'0',125,'2025-09-30 00:00:00','10:00:00','11:00:00',5),(888,'0',125,'2025-08-31 00:00:00','10:00:00','11:00:00',5),(889,'0',125,'2025-08-08 00:00:00','10:00:00','11:00:00',5),(890,'0',126,'2025-03-03 00:00:00','10:00:00','11:00:00',6),(891,'0',126,'2025-02-01 00:00:00','10:00:00','11:00:00',6),(892,'0',126,'2025-01-09 00:00:00','10:00:00','11:00:00',6),(893,'0',127,'2024-09-30 00:00:00','10:00:00','11:00:00',7),(894,'0',127,'2024-08-31 00:00:00','10:00:00','11:00:00',7),(895,'0',127,'2024-08-08 00:00:00','10:00:00','11:00:00',7),(896,'0',128,'2024-03-02 00:00:00','10:00:00','11:00:00',8),(897,'0',128,'2024-02-01 00:00:00','10:00:00','11:00:00',8),(898,'0',128,'2024-01-09 00:00:00','10:00:00','11:00:00',8),(899,'0',129,'2025-09-30 00:00:00','10:00:00','11:00:00',9),(900,'0',129,'2025-08-31 00:00:00','10:00:00','11:00:00',9),(901,'0',129,'2025-08-08 00:00:00','10:00:00','11:00:00',9),(902,'0',130,'2025-03-03 00:00:00','10:00:00','11:00:00',10),(903,'0',130,'2025-02-01 00:00:00','10:00:00','11:00:00',10),(904,'0',130,'2025-01-09 00:00:00','10:00:00','11:00:00',10),(905,'0',131,'2024-09-30 00:00:00','10:00:00','11:00:00',11),(906,'0',131,'2024-08-31 00:00:00','10:00:00','11:00:00',11),(907,'0',131,'2024-08-08 00:00:00','10:00:00','11:00:00',11),(908,'0',132,'2024-03-02 00:00:00','10:00:00','11:00:00',12),(909,'0',132,'2024-02-01 00:00:00','10:00:00','11:00:00',12),(910,'0',132,'2024-01-09 00:00:00','10:00:00','11:00:00',12),(911,'0',133,'2025-09-30 00:00:00','10:00:00','11:00:00',13),(912,'0',133,'2025-08-31 00:00:00','10:00:00','11:00:00',13),(913,'0',133,'2025-08-08 00:00:00','10:00:00','11:00:00',13),(914,'0',134,'2025-03-03 00:00:00','10:00:00','11:00:00',14),(915,'0',134,'2025-02-01 00:00:00','10:00:00','11:00:00',14),(916,'0',134,'2025-01-09 00:00:00','10:00:00','11:00:00',14),(917,'0',135,'2024-09-30 00:00:00','10:00:00','11:00:00',15),(918,'0',135,'2024-08-31 00:00:00','10:00:00','11:00:00',15),(919,'0',135,'2024-08-08 00:00:00','10:00:00','11:00:00',15),(920,'0',136,'2024-03-02 00:00:00','10:00:00','11:00:00',16),(921,'0',136,'2024-02-01 00:00:00','10:00:00','11:00:00',16),(922,'0',136,'2024-01-09 00:00:00','10:00:00','11:00:00',16),(923,'0',137,'2025-09-30 00:00:00','10:00:00','11:00:00',17),(924,'0',137,'2025-08-31 00:00:00','10:00:00','11:00:00',17),(925,'0',137,'2025-08-08 00:00:00','10:00:00','11:00:00',17),(926,'0',138,'2025-03-03 00:00:00','10:00:00','11:00:00',18),(927,'0',138,'2025-02-01 00:00:00','10:00:00','11:00:00',18),(928,'0',138,'2025-01-09 00:00:00','10:00:00','11:00:00',18),(929,'0',139,'2024-09-30 00:00:00','10:00:00','11:00:00',19),(930,'0',139,'2024-08-31 00:00:00','10:00:00','11:00:00',19),(931,'0',139,'2024-08-08 00:00:00','10:00:00','11:00:00',19),(932,'0',140,'2024-03-02 00:00:00','10:00:00','11:00:00',20),(933,'0',140,'2024-02-01 00:00:00','10:00:00','11:00:00',20),(934,'0',140,'2024-01-09 00:00:00','10:00:00','11:00:00',20),(935,'0',141,'2025-09-30 00:00:00','10:00:00','11:00:00',1),(936,'0',141,'2025-08-31 00:00:00','10:00:00','11:00:00',1),(937,'0',141,'2025-08-08 00:00:00','10:00:00','11:00:00',1),(938,'0',142,'2025-03-03 00:00:00','10:00:00','11:00:00',2),(939,'0',142,'2025-02-01 00:00:00','10:00:00','11:00:00',2),(940,'0',142,'2025-01-09 00:00:00','10:00:00','11:00:00',2),(941,'0',143,'2024-09-30 00:00:00','10:00:00','11:00:00',3),(942,'0',143,'2024-08-31 00:00:00','10:00:00','11:00:00',3),(943,'0',143,'2024-08-08 00:00:00','10:00:00','11:00:00',3),(944,'0',144,'2024-03-02 00:00:00','10:00:00','11:00:00',4),(945,'0',144,'2024-02-01 00:00:00','10:00:00','11:00:00',4),(946,'0',144,'2024-01-09 00:00:00','10:00:00','11:00:00',4),(947,'0',145,'2025-09-30 00:00:00','10:00:00','11:00:00',5),(948,'0',145,'2025-08-31 00:00:00','10:00:00','11:00:00',5),(949,'0',145,'2025-08-08 00:00:00','10:00:00','11:00:00',5),(950,'0',146,'2025-03-03 00:00:00','10:00:00','11:00:00',6),(951,'0',146,'2025-02-01 00:00:00','10:00:00','11:00:00',6),(952,'0',146,'2025-01-09 00:00:00','10:00:00','11:00:00',6),(953,'0',147,'2024-09-30 00:00:00','10:00:00','11:00:00',7),(954,'0',147,'2024-08-31 00:00:00','10:00:00','11:00:00',7),(955,'0',147,'2024-08-08 00:00:00','10:00:00','11:00:00',7),(956,'0',148,'2024-03-02 00:00:00','10:00:00','11:00:00',8),(957,'0',148,'2024-02-01 00:00:00','10:00:00','11:00:00',8),(958,'0',148,'2024-01-09 00:00:00','10:00:00','11:00:00',8),(959,'0',149,'2025-09-30 00:00:00','10:00:00','11:00:00',9),(960,'0',149,'2025-08-31 00:00:00','10:00:00','11:00:00',9),(961,'0',149,'2025-08-08 00:00:00','10:00:00','11:00:00',9),(962,'0',150,'2025-03-03 00:00:00','10:00:00','11:00:00',10),(963,'0',150,'2025-02-01 00:00:00','10:00:00','11:00:00',10),(964,'0',150,'2025-01-09 00:00:00','10:00:00','11:00:00',10),(965,'0',151,'2024-09-30 00:00:00','10:00:00','11:00:00',11),(966,'0',151,'2024-08-31 00:00:00','10:00:00','11:00:00',11),(967,'0',151,'2024-08-08 00:00:00','10:00:00','11:00:00',11),(968,'0',152,'2024-03-02 00:00:00','10:00:00','11:00:00',12),(969,'0',152,'2024-02-01 00:00:00','10:00:00','11:00:00',12),(970,'0',152,'2024-01-09 00:00:00','10:00:00','11:00:00',12),(971,'0',153,'2025-09-30 00:00:00','10:00:00','11:00:00',13),(972,'0',153,'2025-08-31 00:00:00','10:00:00','11:00:00',13),(973,'0',153,'2025-08-08 00:00:00','10:00:00','11:00:00',13),(974,'0',154,'2025-03-03 00:00:00','10:00:00','11:00:00',14),(975,'0',154,'2025-02-01 00:00:00','10:00:00','11:00:00',14),(976,'0',154,'2025-01-09 00:00:00','10:00:00','11:00:00',14),(977,'0',155,'2024-09-30 00:00:00','10:00:00','11:00:00',15),(978,'0',155,'2024-08-31 00:00:00','10:00:00','11:00:00',15),(979,'0',155,'2024-08-08 00:00:00','10:00:00','11:00:00',15),(980,'0',156,'2024-03-02 00:00:00','10:00:00','11:00:00',16),(981,'0',156,'2024-02-01 00:00:00','10:00:00','11:00:00',16),(982,'0',156,'2024-01-09 00:00:00','10:00:00','11:00:00',16),(983,'0',157,'2025-09-30 00:00:00','10:00:00','11:00:00',17),(984,'0',157,'2025-08-31 00:00:00','10:00:00','11:00:00',17),(985,'0',157,'2025-08-08 00:00:00','10:00:00','11:00:00',17),(986,'0',158,'2025-03-03 00:00:00','10:00:00','11:00:00',18),(987,'0',158,'2025-02-01 00:00:00','10:00:00','11:00:00',18),(988,'0',158,'2025-01-09 00:00:00','10:00:00','11:00:00',18),(989,'0',159,'2024-09-30 00:00:00','10:00:00','11:00:00',19),(990,'0',159,'2024-08-31 00:00:00','10:00:00','11:00:00',19),(991,'0',159,'2024-08-08 00:00:00','10:00:00','11:00:00',19),(992,'0',160,'2024-03-02 00:00:00','10:00:00','11:00:00',20),(993,'0',160,'2024-02-01 00:00:00','10:00:00','11:00:00',20),(994,'0',160,'2024-01-09 00:00:00','10:00:00','11:00:00',20);
/*!40000 ALTER TABLE `AttendanceSession` ENABLE KEYS */;
UNLOCK TABLES;

--
-- Table structure for table `CorrectionRequest`
--

DROP TABLE IF EXISTS `CorrectionRequest`;
/*!40101 SET @saved_cs_client     = @@character_set_client */;
/*!50503 SET character_set_client = utf8mb4 */;
CREATE TABLE `CorrectionRequest` (
  `RequestID` int NOT NULL AUTO_INCREMENT,
  `RecordID` int NOT NULL,
  `StudentID` int NOT NULL,
  `Reason` text NOT NULL,
  `Status` varchar(45) NOT NULL,
  `RequestedAt` datetime NOT NULL,
  `ReviewedBy` int DEFAULT NULL,
  PRIMARY KEY (`RequestID`),
  KEY `recordcorrection_idx` (`RecordID`),
  KEY `studentcorrection_idx` (`StudentID`),
  KEY `instructorcorrection_idx` (`ReviewedBy`),
  CONSTRAINT `instructorcorrection` FOREIGN KEY (`ReviewedBy`) REFERENCES `Instructor` (`InstructorID`),
  CONSTRAINT `recordcorrection` FOREIGN KEY (`RecordID`) REFERENCES `AttendanceRecord` (`RecordID`),
  CONSTRAINT `studentcorrection` FOREIGN KEY (`StudentID`) REFERENCES `Student` (`StudentID`)
) ENGINE=InnoDB AUTO_INCREMENT=46 DEFAULT CHARSET=utf8mb4 COLLATE=utf8mb4_0900_ai_ci;
/*!40101 SET character_set_client = @saved_cs_client */;

--
-- Dumping data for table `CorrectionRequest`
--

LOCK TABLES `CorrectionRequest` WRITE;
/*!40000 ALTER TABLE `CorrectionRequest` DISABLE KEYS */;
INSERT INTO `CorrectionRequest` VALUES (31,32,11,'Was present but marked absent. Please verify.','Pending','2026-02-14 21:06:19',NULL),(32,17,6,'Was present but marked absent. Please verify.','Pending','2026-02-14 21:06:19',NULL),(33,14,5,'Was present but marked absent. Please verify.','Pending','2026-02-14 21:06:19',NULL),(34,40,14,'Was present but marked absent. Please verify.','Pending','2026-02-14 21:06:19',NULL),(35,31,11,'Was present but marked absent. Please verify.','Pending','2026-02-14 21:06:19',NULL),(36,52,18,'Was present but marked absent. Please verify.','Pending','2026-02-14 21:06:19',NULL),(37,58,20,'Was present but marked absent. Please verify.','Pending','2026-02-14 21:06:19',NULL),(38,25,9,'Was present but marked absent. Please verify.','Pending','2026-02-14 21:06:19',NULL),(39,34,12,'Was present but marked absent. Please verify.','Pending','2026-02-14 21:06:19',NULL),(40,7,3,'Was present but marked absent. Please verify.','Pending','2026-02-14 21:06:19',NULL),(41,45,15,'Was present but marked absent. Please verify.','Pending','2026-02-14 21:06:19',NULL),(42,9,3,'Was present but marked absent. Please verify.','Pending','2026-02-14 21:06:19',NULL),(43,27,9,'Was present but marked absent. Please verify.','Pending','2026-02-14 21:06:19',NULL),(44,33,11,'Was present but marked absent. Please verify.','Pending','2026-02-14 21:06:19',NULL);
/*!40000 ALTER TABLE `CorrectionRequest` ENABLE KEYS */;
UNLOCK TABLES;

--
-- Table structure for table `Course`
--

DROP TABLE IF EXISTS `Course`;
/*!40101 SET @saved_cs_client     = @@character_set_client */;
/*!50503 SET character_set_client = utf8mb4 */;
CREATE TABLE `Course` (
  `CourseID` int NOT NULL AUTO_INCREMENT,
  `CourseCode` varchar(45) NOT NULL,
  `CourseName` varchar(45) NOT NULL,
  `Credits` int DEFAULT NULL,
  PRIMARY KEY (`CourseID`)
) ENGINE=InnoDB AUTO_INCREMENT=41 DEFAULT CHARSET=utf8mb4 COLLATE=utf8mb4_0900_ai_ci;
/*!40101 SET character_set_client = @saved_cs_client */;

--
-- Dumping data for table `Course`
--

LOCK TABLES `Course` WRITE;
/*!40000 ALTER TABLE `Course` DISABLE KEYS */;
INSERT INTO `Course` VALUES (1,'CS101','Introduction to Programming',4),(2,'CS102','Data Structures',4),(3,'CS201','Algorithms',4),(4,'CS202','Database Systems',3),(5,'CS301','Operating Systems',4),(6,'CS302','Computer Networks',3),(7,'CS303','Software Engineering',3),(8,'CS304','Artificial Intelligence',4),(9,'CS305','Machine Learning',4),(10,'CS306','Compiler Design',3),(11,'EE101','Basic Electrical Engineering',4),(12,'EE102','Circuit Analysis',4),(13,'EE201','Digital Electronics',3),(14,'EE202','Signals and Systems',4),(15,'EE301','Control Systems',3),(16,'EE302','Power Systems',4),(17,'ME101','Engineering Mechanics',4),(18,'ME102','Thermodynamics',4),(19,'ME201','Fluid Mechanics',3),(20,'ME202','Machine Design',4),(21,'ME301','Heat Transfer',3),(22,'MA101','Calculus I',4),(23,'MA102','Linear Algebra',4),(24,'MA201','Probability and Statistics',3),(25,'MA202','Numerical Methods',3),(26,'PH101','Engineering Physics',4),(27,'PH201','Quantum Mechanics',3),(28,'PH202','Solid State Physics',3),(29,'CH101','Engineering Chemistry',4),(30,'CH201','Organic Chemistry',3),(31,'EN101','Technical Communication',2),(32,'EN201','Advanced English Literature',3),(33,'HS101','Environmental Studies',2),(34,'HS201','Indian Constitution',2),(35,'HS301','Ethics and Values',2),(36,'BT101','Introduction to Biotechnology',3),(37,'BT201','Genetic Engineering',4),(38,'BT301','Bioinformatics',3),(39,'EC101','Basic Electronics',4),(40,'EC201','Microprocessors',4);
/*!40000 ALTER TABLE `Course` ENABLE KEYS */;
UNLOCK TABLES;

--
-- Table structure for table `CourseOffering`
--

DROP TABLE IF EXISTS `CourseOffering`;
/*!40101 SET @saved_cs_client     = @@character_set_client */;
/*!50503 SET character_set_client = utf8mb4 */;
CREATE TABLE `CourseOffering` (
  `CourseOfferingID` int NOT NULL AUTO_INCREMENT,
  `CourseID` int NOT NULL,
  `SemesterID` int NOT NULL,
  `Section` varchar(45) NOT NULL,
  PRIMARY KEY (`CourseOfferingID`),
  KEY `idk_idx` (`CourseID`),
  KEY `semesteroffering_idx` (`SemesterID`),
  CONSTRAINT `CourseID` FOREIGN KEY (`CourseID`) REFERENCES `Course` (`CourseID`),
  CONSTRAINT `semesteroffering` FOREIGN KEY (`SemesterID`) REFERENCES `Semester` (`SemesterID`)
) ENGINE=InnoDB AUTO_INCREMENT=256 DEFAULT CHARSET=utf8mb4 COLLATE=utf8mb4_0900_ai_ci;
/*!40101 SET character_set_client = @saved_cs_client */;

--
-- Dumping data for table `CourseOffering`
--

LOCK TABLES `CourseOffering` WRITE;
/*!40000 ALTER TABLE `CourseOffering` DISABLE KEYS */;
INSERT INTO `CourseOffering` VALUES (1,1,20,'A'),(2,1,19,'A'),(3,1,18,'A'),(4,1,17,'A'),(5,2,20,'A'),(6,2,19,'A'),(7,2,18,'A'),(8,2,17,'A'),(9,3,20,'A'),(10,3,19,'A'),(11,3,18,'A'),(12,3,17,'A'),(13,4,20,'A'),(14,4,19,'A'),(15,4,18,'A'),(16,4,17,'A'),(17,5,20,'A'),(18,5,19,'A'),(19,5,18,'A'),(20,5,17,'A'),(21,6,20,'A'),(22,6,19,'A'),(23,6,18,'A'),(24,6,17,'A'),(25,7,20,'A'),(26,7,19,'A'),(27,7,18,'A'),(28,7,17,'A'),(29,8,20,'A'),(30,8,19,'A'),(31,8,18,'A'),(32,8,17,'A'),(33,9,20,'A'),(34,9,19,'A'),(35,9,18,'A'),(36,9,17,'A'),(37,10,20,'A'),(38,10,19,'A'),(39,10,18,'A'),(40,10,17,'A'),(41,11,20,'A'),(42,11,19,'A'),(43,11,18,'A'),(44,11,17,'A'),(45,12,20,'A'),(46,12,19,'A'),(47,12,18,'A'),(48,12,17,'A'),(49,13,20,'A'),(50,13,19,'A'),(51,13,18,'A'),(52,13,17,'A'),(53,14,20,'A'),(54,14,19,'A'),(55,14,18,'A'),(56,14,17,'A'),(57,15,20,'A'),(58,15,19,'A'),(59,15,18,'A'),(60,15,17,'A'),(61,16,20,'A'),(62,16,19,'A'),(63,16,18,'A'),(64,16,17,'A'),(65,17,20,'A'),(66,17,19,'A'),(67,17,18,'A'),(68,17,17,'A'),(69,18,20,'A'),(70,18,19,'A'),(71,18,18,'A'),(72,18,17,'A'),(73,19,20,'A'),(74,19,19,'A'),(75,19,18,'A'),(76,19,17,'A'),(77,20,20,'A'),(78,20,19,'A'),(79,20,18,'A'),(80,20,17,'A'),(81,21,20,'A'),(82,21,19,'A'),(83,21,18,'A'),(84,21,17,'A'),(85,22,20,'A'),(86,22,19,'A'),(87,22,18,'A'),(88,22,17,'A'),(89,23,20,'A'),(90,23,19,'A'),(91,23,18,'A'),(92,23,17,'A'),(93,24,20,'A'),(94,24,19,'A'),(95,24,18,'A'),(96,24,17,'A'),(97,25,20,'A'),(98,25,19,'A'),(99,25,18,'A'),(100,25,17,'A'),(101,26,20,'A'),(102,26,19,'A'),(103,26,18,'A'),(104,26,17,'A'),(105,27,20,'A'),(106,27,19,'A'),(107,27,18,'A'),(108,27,17,'A'),(109,28,20,'A'),(110,28,19,'A'),(111,28,18,'A'),(112,28,17,'A'),(113,29,20,'A'),(114,29,19,'A'),(115,29,18,'A'),(116,29,17,'A'),(117,30,20,'A'),(118,30,19,'A'),(119,30,18,'A'),(120,30,17,'A'),(121,31,20,'A'),(122,31,19,'A'),(123,31,18,'A'),(124,31,17,'A'),(125,32,20,'A'),(126,32,19,'A'),(127,32,18,'A'),(128,32,17,'A'),(129,33,20,'A'),(130,33,19,'A'),(131,33,18,'A'),(132,33,17,'A'),(133,34,20,'A'),(134,34,19,'A'),(135,34,18,'A'),(136,34,17,'A'),(137,35,20,'A'),(138,35,19,'A'),(139,35,18,'A'),(140,35,17,'A'),(141,36,20,'A'),(142,36,19,'A'),(143,36,18,'A'),(144,36,17,'A'),(145,37,20,'A'),(146,37,19,'A'),(147,37,18,'A'),(148,37,17,'A'),(149,38,20,'A'),(150,38,19,'A'),(151,38,18,'A'),(152,38,17,'A'),(153,39,20,'A'),(154,39,19,'A'),(155,39,18,'A'),(156,39,17,'A'),(157,40,20,'A'),(158,40,19,'A'),(159,40,18,'A'),(160,40,17,'A');
/*!40000 ALTER TABLE `CourseOffering` ENABLE KEYS */;
UNLOCK TABLES;

--
-- Table structure for table `Enrollment`
--

DROP TABLE IF EXISTS `Enrollment`;
/*!40101 SET @saved_cs_client     = @@character_set_client */;
/*!50503 SET character_set_client = utf8mb4 */;
CREATE TABLE `Enrollment` (
  `EnrollmentID` int NOT NULL AUTO_INCREMENT,
  `StudentID` int NOT NULL,
  `OfferingID` int NOT NULL,
  `EnrolledOn` datetime DEFAULT NULL,
  `Status` enum('0','1','2') NOT NULL,
  PRIMARY KEY (`EnrollmentID`),
  KEY `studentenrollment_idx` (`StudentID`),
  KEY `offeringenrollment_idx` (`OfferingID`),
  CONSTRAINT `offeringenrollment` FOREIGN KEY (`OfferingID`) REFERENCES `CourseOffering` (`CourseOfferingID`),
  CONSTRAINT `studentenrollment` FOREIGN KEY (`StudentID`) REFERENCES `Student` (`StudentID`)
) ENGINE=InnoDB AUTO_INCREMENT=32 DEFAULT CHARSET=utf8mb4 COLLATE=utf8mb4_0900_ai_ci;
/*!40101 SET character_set_client = @saved_cs_client */;

--
-- Dumping data for table `Enrollment`
--

LOCK TABLES `Enrollment` WRITE;
/*!40000 ALTER TABLE `Enrollment` DISABLE KEYS */;
INSERT INTO `Enrollment` VALUES (1,1,125,'2026-02-14 00:00:00','0'),(2,2,117,'2026-02-14 00:00:00','0'),(3,3,101,'2026-02-14 00:00:00','0'),(4,4,157,'2026-02-14 00:00:00','0'),(5,5,125,'2026-02-14 00:00:00','0'),(6,6,81,'2026-02-14 00:00:00','0'),(7,7,125,'2026-02-14 00:00:00','0'),(8,8,157,'2026-02-14 00:00:00','0'),(9,9,13,'2026-02-14 00:00:00','0'),(10,10,1,'2026-02-14 00:00:00','0'),(11,11,117,'2026-02-14 00:00:00','0'),(12,12,17,'2026-02-14 00:00:00','0'),(13,13,61,'2026-02-14 00:00:00','0'),(14,14,53,'2026-02-14 00:00:00','0'),(15,15,153,'2026-02-14 00:00:00','0'),(16,16,73,'2026-02-14 00:00:00','0'),(17,17,61,'2026-02-14 00:00:00','0'),(18,18,65,'2026-02-14 00:00:00','0'),(19,19,45,'2026-02-14 00:00:00','0'),(20,20,85,'2026-02-14 00:00:00','0');
/*!40000 ALTER TABLE `Enrollment` ENABLE KEYS */;
UNLOCK TABLES;

--
-- Table structure for table `Instructor`
--

DROP TABLE IF EXISTS `Instructor`;
/*!40101 SET @saved_cs_client     = @@character_set_client */;
/*!50503 SET character_set_client = utf8mb4 */;
CREATE TABLE `Instructor` (
  `InstructorID` int NOT NULL AUTO_INCREMENT,
  `LoginID` int NOT NULL,
  `Name` varchar(45) NOT NULL,
  `Department` varchar(45) NOT NULL,
  `Designation` varchar(45) NOT NULL,
  PRIMARY KEY (`InstructorID`),
  KEY `login_idx` (`LoginID`),
  CONSTRAINT `login` FOREIGN KEY (`LoginID`) REFERENCES `Login` (`LoginID`)
) ENGINE=InnoDB AUTO_INCREMENT=21 DEFAULT CHARSET=utf8mb4 COLLATE=utf8mb4_0900_ai_ci;
/*!40101 SET character_set_client = @saved_cs_client */;

--
-- Dumping data for table `Instructor`
--

LOCK TABLES `Instructor` WRITE;
/*!40000 ALTER TABLE `Instructor` DISABLE KEYS */;
INSERT INTO `Instructor` VALUES (1,21,'meera','Computer Science','Assistant Professor'),(2,22,'ananya','Computer Science','Associate Professor'),(3,23,'riddhi','Electrical Engineering','Assistant Professor'),(4,24,'kavya','Electrical Engineering','Professor'),(5,25,'neha','Mechanical Engineering','Assistant Professor'),(6,26,'sanjay','Mechanical Engineering','Associate Professor'),(7,27,'rahul','Physics','Assistant Professor'),(8,28,'vikram','Physics','Professor'),(9,29,'nisha','Chemistry','Assistant Professor'),(10,30,'karan','Chemistry','Associate Professor'),(11,31,'pooja','Mathematics','Assistant Professor'),(12,32,'amit','Mathematics','Professor'),(13,33,'deepika','English','Assistant Professor'),(14,34,'harsh','English','Associate Professor'),(15,35,'tanvi','History','Assistant Professor'),(16,36,'rohit','History','Professor'),(17,37,'shruti','Economics','Assistant Professor'),(18,38,'anil','Economics','Associate Professor'),(19,39,'swati','Biotechnology','Assistant Professor'),(20,40,'mohit','Biotechnology','Professor');
/*!40000 ALTER TABLE `Instructor` ENABLE KEYS */;
UNLOCK TABLES;

--
-- Table structure for table `Login`
--

DROP TABLE IF EXISTS `Login`;
/*!40101 SET @saved_cs_client     = @@character_set_client */;
/*!50503 SET character_set_client = utf8mb4 */;
CREATE TABLE `Login` (
  `LoginID` int NOT NULL,
  `Username` varchar(45) NOT NULL,
  `PasswordHash` varchar(45) NOT NULL,
  `Role` varchar(45) NOT NULL,
  `CreatedAt` datetime DEFAULT NULL,
  `LastLogin` datetime DEFAULT NULL,
  PRIMARY KEY (`LoginID`)
) ENGINE=InnoDB DEFAULT CHARSET=utf8mb4 COLLATE=utf8mb4_0900_ai_ci;
/*!40101 SET character_set_client = @saved_cs_client */;

--
-- Dumping data for table `Login`
--

LOCK TABLES `Login` WRITE;
/*!40000 ALTER TABLE `Login` DISABLE KEYS */;
INSERT INTO `Login` VALUES (1,'aarav','pass123','student',NULL,NULL),(2,'vihaan','alpha789','student',NULL,NULL),(3,'aditya','delta456','student',NULL,NULL),(4,'ishaan','omega321','student',NULL,NULL),(5,'krish','zeta654','student',NULL,NULL),(6,'reyaan','gamma987','student',NULL,NULL),(7,'arjun','beta741','student',NULL,NULL),(8,'kabir','theta852','student',NULL,NULL),(9,'ayaan','lambda963','student',NULL,NULL),(10,'rohan','sigma159','student',NULL,NULL),(11,'dev','nova753','student',NULL,NULL),(12,'laksh','quant246','student',NULL,NULL),(13,'vivaan','orbit369','student',NULL,NULL),(14,'atharv','pixel147','student',NULL,NULL),(15,'aryan','matrix258','student',NULL,NULL),(16,'dhruv','vertex369','student',NULL,NULL),(17,'samar','fusion951','student',NULL,NULL),(18,'manav','echo357','student',NULL,NULL),(19,'tanish','prime852','student',NULL,NULL),(20,'shivansh','zenith741','student',NULL,NULL),(21,'meera','teach123','teacher',NULL,NULL),(22,'ananya','class789','teacher',NULL,NULL),(23,'riddhi','board456','teacher',NULL,NULL),(24,'kavya','chalk321','teacher',NULL,NULL),(25,'neha','lesson654','teacher',NULL,NULL),(26,'sanjay','grade987','teacher',NULL,NULL),(27,'rahul','paper741','teacher',NULL,NULL),(28,'vikram','staff852','teacher',NULL,NULL),(29,'nisha','mentor963','teacher',NULL,NULL),(30,'karan','lecture159','teacher',NULL,NULL),(31,'pooja','campus753','teacher',NULL,NULL),(32,'amit','faculty246','teacher',NULL,NULL),(33,'deepika','subject369','teacher',NULL,NULL),(34,'harsh','academic147','teacher',NULL,NULL),(35,'tanvi','course258','teacher',NULL,NULL),(36,'rohit','seminar369','teacher',NULL,NULL),(37,'shruti','exam951','teacher',NULL,NULL),(38,'anil','result357','teacher',NULL,NULL),(39,'swati','syllabus852','teacher',NULL,NULL),(40,'mohit','principal741','teacher',NULL,NULL);
/*!40000 ALTER TABLE `Login` ENABLE KEYS */;
UNLOCK TABLES;

--
-- Table structure for table `Semester`
--

DROP TABLE IF EXISTS `Semester`;
/*!40101 SET @saved_cs_client     = @@character_set_client */;
/*!50503 SET character_set_client = utf8mb4 */;
CREATE TABLE `Semester` (
  `SemesterID` int NOT NULL AUTO_INCREMENT,
  `Term` varchar(45) NOT NULL,
  `Year` int NOT NULL,
  `StartDate` datetime NOT NULL,
  `EndDate` datetime NOT NULL,
  PRIMARY KEY (`SemesterID`)
) ENGINE=InnoDB AUTO_INCREMENT=21 DEFAULT CHARSET=utf8mb4 COLLATE=utf8mb4_0900_ai_ci;
/*!40101 SET character_set_client = @saved_cs_client */;

--
-- Dumping data for table `Semester`
--

LOCK TABLES `Semester` WRITE;
/*!40000 ALTER TABLE `Semester` DISABLE KEYS */;
INSERT INTO `Semester` VALUES (1,'Spring',2016,'2016-01-02 00:00:00','2016-04-30 00:00:00'),(2,'Autumn',2016,'2016-08-01 00:00:00','2016-11-30 00:00:00'),(3,'Spring',2017,'2017-01-02 00:00:00','2017-04-30 00:00:00'),(4,'Autumn',2017,'2017-08-01 00:00:00','2017-11-30 00:00:00'),(5,'Spring',2018,'2018-01-02 00:00:00','2018-04-30 00:00:00'),(6,'Autumn',2018,'2018-08-01 00:00:00','2018-11-30 00:00:00'),(7,'Spring',2019,'2019-01-02 00:00:00','2019-04-30 00:00:00'),(8,'Autumn',2019,'2019-08-01 00:00:00','2019-11-30 00:00:00'),(9,'Spring',2020,'2020-01-02 00:00:00','2020-04-30 00:00:00'),(10,'Autumn',2020,'2020-08-01 00:00:00','2020-11-30 00:00:00'),(11,'Spring',2021,'2021-01-02 00:00:00','2021-04-30 00:00:00'),(12,'Autumn',2021,'2021-08-01 00:00:00','2021-11-30 00:00:00'),(13,'Spring',2022,'2022-01-02 00:00:00','2022-04-30 00:00:00'),(14,'Autumn',2022,'2022-08-01 00:00:00','2022-11-30 00:00:00'),(15,'Spring',2023,'2023-01-02 00:00:00','2023-04-30 00:00:00'),(16,'Autumn',2023,'2023-08-01 00:00:00','2023-11-30 00:00:00'),(17,'Spring',2024,'2024-01-02 00:00:00','2024-04-30 00:00:00'),(18,'Autumn',2024,'2024-08-01 00:00:00','2024-11-30 00:00:00'),(19,'Spring',2025,'2025-01-02 00:00:00','2025-04-30 00:00:00'),(20,'Autumn',2025,'2025-08-01 00:00:00','2025-11-30 00:00:00');
/*!40000 ALTER TABLE `Semester` ENABLE KEYS */;
UNLOCK TABLES;

--
-- Table structure for table `Student`
--

DROP TABLE IF EXISTS `Student`;
/*!40101 SET @saved_cs_client     = @@character_set_client */;
/*!50503 SET character_set_client = utf8mb4 */;
CREATE TABLE `Student` (
  `StudentID` int NOT NULL AUTO_INCREMENT,
  `Name` varchar(45) NOT NULL,
  `RollNo` varchar(45) NOT NULL,
  `Program` varchar(45) NOT NULL,
  `Batch` int NOT NULL,
  `LoginID` int NOT NULL,
  PRIMARY KEY (`StudentID`),
  KEY `LoginID_idx` (`LoginID`),
  CONSTRAINT `LoginID` FOREIGN KEY (`LoginID`) REFERENCES `Login` (`LoginID`),
  CONSTRAINT `student_ibfk_1` FOREIGN KEY (`LoginID`) REFERENCES `Login` (`LoginID`)
) ENGINE=InnoDB AUTO_INCREMENT=21 DEFAULT CHARSET=utf8mb4 COLLATE=utf8mb4_0900_ai_ci;
/*!40101 SET character_set_client = @saved_cs_client */;

--
-- Dumping data for table `Student`
--

LOCK TABLES `Student` WRITE;
/*!40000 ALTER TABLE `Student` DISABLE KEYS */;
INSERT INTO `Student` VALUES (1,'aarav','BT21CS001','B.Tech',2021,1),(2,'vihaan','BT22CS002','B.Tech',2022,2),(3,'aditya','BT23CS003','B.Tech',2023,3),(4,'ishaan','BT24CS004','B.Tech',2024,4),(5,'krish','BT25CS005','B.Tech',2025,5),(6,'reyaan','MT21EE006','M.Tech',2021,6),(7,'arjun','MT22EE007','M.Tech',2022,7),(8,'kabir','MT23EE008','M.Tech',2023,8),(9,'ayaan','MA21EN009','M.A',2021,9),(10,'rohan','MA22EN010','M.A',2022,10),(11,'dev','MS21PH011','M.Sc',2021,11),(12,'laksh','MS22PH012','M.Sc',2022,12),(13,'vivaan','BT23ME013','B.Tech',2023,13),(14,'atharv','BT24ME014','B.Tech',2024,14),(15,'aryan','BT25ME015','B.Tech',2025,15),(16,'dhruv','MT23CS016','M.Tech',2023,16),(17,'samar','MT24CS017','M.Tech',2024,17),(18,'manav','MA23HI018','M.A',2023,18),(19,'tanish','MS24CH019','M.Sc',2024,19),(20,'shivansh','BT25EC020','B.Tech',2025,20);
/*!40000 ALTER TABLE `Student` ENABLE KEYS */;
UNLOCK TABLES;

--
-- Table structure for table `TeachingAssignment`
--

DROP TABLE IF EXISTS `TeachingAssignment`;
/*!40101 SET @saved_cs_client     = @@character_set_client */;
/*!50503 SET character_set_client = utf8mb4 */;
CREATE TABLE `TeachingAssignment` (
  `AssignmentID` int NOT NULL AUTO_INCREMENT,
  `InstructorID` int NOT NULL,
  `OfferingID` int NOT NULL,
  `AssignedOn` datetime NOT NULL,
  PRIMARY KEY (`AssignmentID`),
  KEY `instructorta_idx` (`InstructorID`),
  KEY `offeringassignment_idx` (`OfferingID`),
  CONSTRAINT `instructorassignment` FOREIGN KEY (`InstructorID`) REFERENCES `Instructor` (`InstructorID`),
  CONSTRAINT `offeringassignment` FOREIGN KEY (`OfferingID`) REFERENCES `CourseOffering` (`CourseOfferingID`)
) ENGINE=InnoDB AUTO_INCREMENT=256 DEFAULT CHARSET=utf8mb4 COLLATE=utf8mb4_0900_ai_ci;
/*!40101 SET character_set_client = @saved_cs_client */;

--
-- Dumping data for table `TeachingAssignment`
--

LOCK TABLES `TeachingAssignment` WRITE;
/*!40000 ALTER TABLE `TeachingAssignment` DISABLE KEYS */;
INSERT INTO `TeachingAssignment` VALUES (1,1,1,'2026-02-14 00:00:00'),(2,2,2,'2026-02-14 00:00:00'),(3,3,3,'2026-02-14 00:00:00'),(4,4,4,'2026-02-14 00:00:00'),(5,5,5,'2026-02-14 00:00:00'),(6,6,6,'2026-02-14 00:00:00'),(7,7,7,'2026-02-14 00:00:00'),(8,8,8,'2026-02-14 00:00:00'),(9,9,9,'2026-02-14 00:00:00'),(10,10,10,'2026-02-14 00:00:00'),(11,11,11,'2026-02-14 00:00:00'),(12,12,12,'2026-02-14 00:00:00'),(13,13,13,'2026-02-14 00:00:00'),(14,14,14,'2026-02-14 00:00:00'),(15,15,15,'2026-02-14 00:00:00'),(16,16,16,'2026-02-14 00:00:00'),(17,17,17,'2026-02-14 00:00:00'),(18,18,18,'2026-02-14 00:00:00'),(19,19,19,'2026-02-14 00:00:00'),(20,20,20,'2026-02-14 00:00:00'),(21,1,21,'2026-02-14 00:00:00'),(22,2,22,'2026-02-14 00:00:00'),(23,3,23,'2026-02-14 00:00:00'),(24,4,24,'2026-02-14 00:00:00'),(25,5,25,'2026-02-14 00:00:00'),(26,6,26,'2026-02-14 00:00:00'),(27,7,27,'2026-02-14 00:00:00'),(28,8,28,'2026-02-14 00:00:00'),(29,9,29,'2026-02-14 00:00:00'),(30,10,30,'2026-02-14 00:00:00'),(31,11,31,'2026-02-14 00:00:00'),(32,12,32,'2026-02-14 00:00:00'),(33,13,33,'2026-02-14 00:00:00'),(34,14,34,'2026-02-14 00:00:00'),(35,15,35,'2026-02-14 00:00:00'),(36,16,36,'2026-02-14 00:00:00'),(37,17,37,'2026-02-14 00:00:00'),(38,18,38,'2026-02-14 00:00:00'),(39,19,39,'2026-02-14 00:00:00'),(40,20,40,'2026-02-14 00:00:00'),(41,1,41,'2026-02-14 00:00:00'),(42,2,42,'2026-02-14 00:00:00'),(43,3,43,'2026-02-14 00:00:00'),(44,4,44,'2026-02-14 00:00:00'),(45,5,45,'2026-02-14 00:00:00'),(46,6,46,'2026-02-14 00:00:00'),(47,7,47,'2026-02-14 00:00:00'),(48,8,48,'2026-02-14 00:00:00'),(49,9,49,'2026-02-14 00:00:00'),(50,10,50,'2026-02-14 00:00:00'),(51,11,51,'2026-02-14 00:00:00'),(52,12,52,'2026-02-14 00:00:00'),(53,13,53,'2026-02-14 00:00:00'),(54,14,54,'2026-02-14 00:00:00'),(55,15,55,'2026-02-14 00:00:00'),(56,16,56,'2026-02-14 00:00:00'),(57,17,57,'2026-02-14 00:00:00'),(58,18,58,'2026-02-14 00:00:00'),(59,19,59,'2026-02-14 00:00:00'),(60,20,60,'2026-02-14 00:00:00'),(61,1,61,'2026-02-14 00:00:00'),(62,2,62,'2026-02-14 00:00:00'),(63,3,63,'2026-02-14 00:00:00'),(64,4,64,'2026-02-14 00:00:00'),(65,5,65,'2026-02-14 00:00:00'),(66,6,66,'2026-02-14 00:00:00'),(67,7,67,'2026-02-14 00:00:00'),(68,8,68,'2026-02-14 00:00:00'),(69,9,69,'2026-02-14 00:00:00'),(70,10,70,'2026-02-14 00:00:00'),(71,11,71,'2026-02-14 00:00:00'),(72,12,72,'2026-02-14 00:00:00'),(73,13,73,'2026-02-14 00:00:00'),(74,14,74,'2026-02-14 00:00:00'),(75,15,75,'2026-02-14 00:00:00'),(76,16,76,'2026-02-14 00:00:00'),(77,17,77,'2026-02-14 00:00:00'),(78,18,78,'2026-02-14 00:00:00'),(79,19,79,'2026-02-14 00:00:00'),(80,20,80,'2026-02-14 00:00:00'),(81,1,81,'2026-02-14 00:00:00'),(82,2,82,'2026-02-14 00:00:00'),(83,3,83,'2026-02-14 00:00:00'),(84,4,84,'2026-02-14 00:00:00'),(85,5,85,'2026-02-14 00:00:00'),(86,6,86,'2026-02-14 00:00:00'),(87,7,87,'2026-02-14 00:00:00'),(88,8,88,'2026-02-14 00:00:00'),(89,9,89,'2026-02-14 00:00:00'),(90,10,90,'2026-02-14 00:00:00'),(91,11,91,'2026-02-14 00:00:00'),(92,12,92,'2026-02-14 00:00:00'),(93,13,93,'2026-02-14 00:00:00'),(94,14,94,'2026-02-14 00:00:00'),(95,15,95,'2026-02-14 00:00:00'),(96,16,96,'2026-02-14 00:00:00'),(97,17,97,'2026-02-14 00:00:00'),(98,18,98,'2026-02-14 00:00:00'),(99,19,99,'2026-02-14 00:00:00'),(100,20,100,'2026-02-14 00:00:00'),(101,1,101,'2026-02-14 00:00:00'),(102,2,102,'2026-02-14 00:00:00'),(103,3,103,'2026-02-14 00:00:00'),(104,4,104,'2026-02-14 00:00:00'),(105,5,105,'2026-02-14 00:00:00'),(106,6,106,'2026-02-14 00:00:00'),(107,7,107,'2026-02-14 00:00:00'),(108,8,108,'2026-02-14 00:00:00'),(109,9,109,'2026-02-14 00:00:00'),(110,10,110,'2026-02-14 00:00:00'),(111,11,111,'2026-02-14 00:00:00'),(112,12,112,'2026-02-14 00:00:00'),(113,13,113,'2026-02-14 00:00:00'),(114,14,114,'2026-02-14 00:00:00'),(115,15,115,'2026-02-14 00:00:00'),(116,16,116,'2026-02-14 00:00:00'),(117,17,117,'2026-02-14 00:00:00'),(118,18,118,'2026-02-14 00:00:00'),(119,19,119,'2026-02-14 00:00:00'),(120,20,120,'2026-02-14 00:00:00'),(121,1,121,'2026-02-14 00:00:00'),(122,2,122,'2026-02-14 00:00:00'),(123,3,123,'2026-02-14 00:00:00'),(124,4,124,'2026-02-14 00:00:00'),(125,5,125,'2026-02-14 00:00:00'),(126,6,126,'2026-02-14 00:00:00'),(127,7,127,'2026-02-14 00:00:00'),(128,8,128,'2026-02-14 00:00:00'),(129,9,129,'2026-02-14 00:00:00'),(130,10,130,'2026-02-14 00:00:00'),(131,11,131,'2026-02-14 00:00:00'),(132,12,132,'2026-02-14 00:00:00'),(133,13,133,'2026-02-14 00:00:00'),(134,14,134,'2026-02-14 00:00:00'),(135,15,135,'2026-02-14 00:00:00'),(136,16,136,'2026-02-14 00:00:00'),(137,17,137,'2026-02-14 00:00:00'),(138,18,138,'2026-02-14 00:00:00'),(139,19,139,'2026-02-14 00:00:00'),(140,20,140,'2026-02-14 00:00:00'),(141,1,141,'2026-02-14 00:00:00'),(142,2,142,'2026-02-14 00:00:00'),(143,3,143,'2026-02-14 00:00:00'),(144,4,144,'2026-02-14 00:00:00'),(145,5,145,'2026-02-14 00:00:00'),(146,6,146,'2026-02-14 00:00:00'),(147,7,147,'2026-02-14 00:00:00'),(148,8,148,'2026-02-14 00:00:00'),(149,9,149,'2026-02-14 00:00:00'),(150,10,150,'2026-02-14 00:00:00'),(151,11,151,'2026-02-14 00:00:00'),(152,12,152,'2026-02-14 00:00:00'),(153,13,153,'2026-02-14 00:00:00'),(154,14,154,'2026-02-14 00:00:00'),(155,15,155,'2026-02-14 00:00:00'),(156,16,156,'2026-02-14 00:00:00'),(157,17,157,'2026-02-14 00:00:00'),(158,18,158,'2026-02-14 00:00:00'),(159,19,159,'2026-02-14 00:00:00'),(160,20,160,'2026-02-14 00:00:00');
/*!40000 ALTER TABLE `TeachingAssignment` ENABLE KEYS */;
UNLOCK TABLES;
SET @@SESSION.SQL_LOG_BIN = @MYSQLDUMP_TEMP_LOG_BIN;
/*!40103 SET TIME_ZONE=@OLD_TIME_ZONE */;

/*!40101 SET SQL_MODE=@OLD_SQL_MODE */;
/*!40014 SET FOREIGN_KEY_CHECKS=@OLD_FOREIGN_KEY_CHECKS */;
/*!40014 SET UNIQUE_CHECKS=@OLD_UNIQUE_CHECKS */;
/*!40101 SET CHARACTER_SET_CLIENT=@OLD_CHARACTER_SET_CLIENT */;
/*!40101 SET CHARACTER_SET_RESULTS=@OLD_CHARACTER_SET_RESULTS */;
/*!40101 SET COLLATION_CONNECTION=@OLD_COLLATION_CONNECTION */;
/*!40111 SET SQL_NOTES=@OLD_SQL_NOTES */;

-- Dump completed on 2026-02-14 21:23:19
